Unnamed: 0,SpectrumID,Smiles,Compound_Name,Ion_Source,Instrument,Compound_Source,PI,Data_Collector,Adduct,Precursor_MZ,ExactMass,Charge,CAS_Number,Pubmed_ID,INCHI,INCHI_AUX,Library_Class,IonMode,UpdateWorkflowName,LibraryQualityString,#Scan#,SpectrumFile,LibraryName,MQScore,Organism,TIC_Query,RT_Query,MZErrorPPM,SharedPeaks,MassDiff,LibMZ,SpecMZ,SpecCharge,FileScanUniqueID,NumberHits,full_CCMS_path,tags,MoleculeExplorerDatasets,MoleculeExplorerFiles,InChIKey,InChIKey-Planar,superclass,class,subclass,npclassifier_superclass,npclassifier_class,npclassifier_pathway,mcs,mcs_original
1,CCMSLIB00005721073,O=C1C2=C(C=CC=C2O)OC3=C4C(O[C@]5([H])[C@@]4([H])C=CO5)=CC(OC)=C31,Sterigmatocystin,LC-ESI,qTof,Isolated,Lin Wenhan,Chen Dawei,M+H,325.07,324.06,1,10048-13-2, ," InChI=1S/C18H12O6/c1-21-11-7-12-13(8-5-6-22-18(8)24-12)17-15(11)16(20)14-9(19)3-2-4-10(14)23-17/h2-8,18-19H,1H3/t8-,18+/m0/s1", ,3,Positive,UPDATE-SINGLE-ANNOTATED-BRONZE,Bronze,11,temp/spec-00000.mgf,lib-00044.mgf,0.871445,GNPS-LIBRARY,166660,7.196,0.56328,5,0.000183105,325.07,325.07,1,temp/spec-00000.mgf11,28,xiaohuochayaya/std/std.mgf,,0,0,UTSVPXMQSFGQTM-DCXZOGHSSA-N,UTSVPXMQSFGQTM,,,,Chromanes|Xanthones,Aflatoxins|Methyl xanthones,Polyketides,1.0,1.0
12,CCMSLIB00005722105,C[C@@H]1NC(=O)\\C(NC1=O)=C\\C2=C(NC3=CC=CC=C23)C(C)(C)C=C,"NCGC00347564-02!(3S,6Z)-3-methyl-6-[[2-(2-methylbut-3-en-2-yl)-1H-indol-3-yl]methylidene]piperazine-2,5-dione [IIN-based: Match]",LC-ESI,Orbitrap,Commercial,Pieter Dorrestein,lfnothias/robinschmid,[M+H]+,324.171,323.164,1,,,"InChI=1S/C19H21N3O2/c1-5-19(3,4)16-13(12-8-6-7-9-14(12)21-16)10-15-18(24)20-11(2)17(23)22-15/h5-11,21H,1H2,2-4H3,(H,20,24)(H,22,23)/b15-10-/t11-/m0/s1",,3,Positive,UPDATE-SINGLE-ANNOTATED-BRONZE,Bronze,2,temp/spec-00000.mgf,lib-00049.mgf,0.54291,GNPS-NIH-NATURALPRODUCTSLIBRARY_ROUND2_POSITIVE,261320,3.714,1.88281,6,0.000610352,324.171,324.17,1,temp/spec-00000.mgf2,3,xiaohuochayaya/std/std.mgf,,0,0,MYRPIYZIAHOECW-SAIXKJTDSA-N,MYRPIYZIAHOECW,Organic acids and derivatives,Carboxylic acids and derivatives,"Amino acids, peptides, and analogues",Peptide alkaloids,"Indole diketopiperazine alkaloids (L-Trp, L-Ala)",Alkaloids|Amino acids and Peptides,1.0,1.0
28,CCMSLIB00005724329,C1=CC=C2C(=C1)C(=CN2)CC(=O)O,Indole-3-acetic acid,LC-ESI,Orbitrap,Commercial,Kellogg,JKellogg,M+H,176.07,175.063,1,87-51-4,802,"1S/C10H9NO2/c12-10(13)5-7-6-11-9-4-2-1-3-8(7)9/h1-4,6,11H,5H2,(H,12,13)", ,3,Positive,UPDATE-SINGLE-ANNOTATED-BRONZE,Bronze,37,temp/spec-00000.mgf,lib-00044.mgf,0.926806,GNPS-LIBRARY,181240,2.97,5.11313,5,0.000900269,176.07,176.071,1,temp/spec-00000.mgf37,100,xiaohuochayaya/std/std.mgf,,0,0,SEOVTRFCIGRIMH-UHFFFAOYSA-N,SEOVTRFCIGRIMH,Organoheterocyclic compounds,Indoles and derivatives,Indolyl carboxylic acids and derivatives,Tryptophan alkaloids,Simple indole alkaloids,Alkaloids,0.866666667,0.866666667
151,CCMSLIB00005722674,COC1=C2C(OC3=C(COC2=O)C=C(C)C=C3O)=CC=C1C(CC(C)C)OC(C)=O,"NCGC00180659-03![1-(6-hydroxy-1-methoxy-8-methyl-12-oxo-10H-benzo[b][1,5]benzodioxocin-2-yl)-3-methylbutyl] acetate [IIN-based on: CCMSLIB00000845212]",LC-ESI,Orbitrap,Commercial,Pieter Dorrestein,lfnothias/robinschmid,[M+Na]+,437.158,414.168,1,,,"InChI=1S/C23H26O7/c1-12(2)8-19(29-14(4)24)16-6-7-18-20(22(16)27-5)23(26)28-11-15-9-13(3)10-17(25)21(15)30-18/h6-7,9-10,12,19,25H,8,11H2,1-5H3",,3,Positive,UPDATE-SINGLE-ANNOTATED-BRONZE,Bronze,91,temp/spec-00000.mgf,lib-00049.mgf,0.548323,GNPS-NIH-NATURALPRODUCTSLIBRARY_ROUND2_POSITIVE,765600,5.801,5.30549,7,0.00231934,437.158,437.155,1,temp/spec-00000.mgf91,4,xiaohuochayaya/std/std.mgf,,0,0,NUYFKDBCHFKOBT-UHFFFAOYSA-N,NUYFKDBCHFKOBT,Organic oxygen compounds,Organooxygen compounds,Ethers,Aromatic polyketides,Depsidones,Polyketides,1.0,1.0
230,CCMSLIB00005721075,O=C1C2=C(C=C(O[C@]3(C)O[C@H]4CCC3)C4=C2O)C(C5=CC(O)=CC(OC)=C51)=O,6-O-methylnidurufin,LC-ESI,qTof,Isolated,Lin Wenhan,Chen Dawei,M+H,383.11,382.11,1,627101-68-2, ,"InChI=1S/C21H18O7/c1-21-5-3-4-12(27-21)17-14(28-21)8-11-16(20(17)25)19(24)15-10(18(11)23)6-9(22)7-13(15)26-2/h6-8,12,22,25H,3-5H2,1-2H3/t12-,21-/m0/s1", ,3,Positive,UPDATE-SINGLE-ANNOTATED-BRONZE,Bronze,5,temp/spec-00000.mgf,lib-00044.mgf,0.885719,GNPS-LIBRARY,160602,4.621,6.53191,12,0.00250244,383.11,383.112,1,temp/spec-00000.mgf5,9,xiaohuochayaya/std/std.mgf,,0,0,QZGXXZPRJHSVTD-QKVFXAPYSA-N,QZGXXZPRJHSVTD,Benzenoids,Anthracenes,Anthraquinones,Polycyclic aromatic polyketides,Anthraquinones and anthrones,Polyketides,1.0,1.0
346,CCMSLIB00004692098,C[C@H]1CCCCCC(=O)C2=C(CC(=O)O1)C=C(C=C2O)O,curvularin,,ESI-QFT,isolated,MoNA,MoNA:VF-NPL-QEHF001035,[M+H]+,293.138,0.0,1,,,"InChI=1S/C16H20O5/c1-10-5-3-2-4-6-13(18)16-11(8-15(20)21-10)7-12(17)9-14(16)19/h7,9-10,17,19H,2-6,8H2,1H3",,3,positive,UPDATE-SINGLE-ANNOTATED-BRONZE,Bronze,32,temp/spec-00000.mgf,lib-00003.mgf,0.502438,MONA,148000,4.436,2.39445,5,0.000701904,293.138,293.139,1,temp/spec-00000.mgf32,4,xiaohuochayaya/std/std.mgf,,1,3,VDUIGYAPSXCJFC-UHFFFAOYSA-N,VDUIGYAPSXCJFC,,,,,,,1.0,1.0
392,CCMSLIB00010128922,CC(C)C[C@H]1C(=O)N2CCC[C@H]2C(=O)N1,cyclo(L-Leu-L-Pro),LC-ESI,qTof,Lysate,Jefferson Reis, ,M+H,211.144,0.0,0, , , , ,3,Positive,UPDATE-SINGLE-ANNOTATED-BRONZE,Bronze,98,temp/spec-00000.mgf,lib-00044.mgf,0.734693,GNPS-LIBRARY,100580,10.005,2.38482,10,0.00050354,211.144,211.145,1,temp/spec-00000.mgf98,22,xiaohuochayaya/std/std.mgf,,13,447,,,,,,,,,1.0,1.0
396,CCMSLIB00005721072,O=C1C2=C(C(OC)=CC=C2O)OC3=C4C(O[C@]5([H])[C@@]4([H])C=CO5)=CC(OC)=C31,6-methoxy-sterigmatocystin,LC-ESI,qTof,Isolated,Lin Wenhan,Chen Dawei,M+H,355.08,354.07,1,22897-08-1, , , ,3,Positive,UPDATE-SINGLE-ANNOTATED-BRONZE,Bronze,13,temp/spec-00000.mgf,lib-00044.mgf,0.969284,GNPS-LIBRARY,46440,4.373,2.57837,11,0.000915527,355.08,355.081,1,temp/spec-00000.mgf13,2,xiaohuochayaya/std/std.mgf,,0,0,,,,,,,,,1.0,1.0
